,grade_without_examples,grade_base,grade_fine-tuned_whithout_examples,grade_fine-tuned_with_examples
grade_without_examples,1.0,0.3590267289633224,0.9505190749660768,0.397985275391802
grade_base,0.3590267289633224,1.0,0.29188944759601987,0.5783819434887655
grade_fine-tuned_whithout_examples,0.9505190749660768,0.29188944759601987,1.0,0.4356696227616257
grade_fine-tuned_with_examples,0.397985275391802,0.5783819434887655,0.4356696227616257,1.0
