,grade_without_examples,grade_base,grade_fine_tuned
grade_without_examples,1.0,0.4818093187912903,0.6012642328776994
grade_base,0.4818093187912903,1.0,0.47120293007395003
grade_fine_tuned,0.6012642328776994,0.47120293007395003,1.0
