metric,grade_without_examples,grade_base,grade_fine_tuned
count,92.0,92.0,92.0
mean,4.358695652173913,4.739130434782608,4.543478260869565
std,0.8063146624773381,0.44151500459590887,0.6361464251628642
min,2.0,4.0,2.0
25%,4.0,4.0,4.0
50%,5.0,5.0,5.0
75%,5.0,5.0,5.0
max,5.0,5.0,5.0
