metric,grade_without_examples,grade_base,grade_fine-tuned_whithout_examples,grade_fine-tuned_with_examples
count,96.0,96.0,96.0,95.0
mean,2.84375,4.854166666666667,2.8541666666666665,4.747368421052632
std,1.6372513873144705,0.3547917600261541,1.6220790211568588,0.4368265893978148
min,1.0,4.0,1.0,4.0
25%,1.0,5.0,1.0,4.5
50%,4.0,5.0,4.0,5.0
75%,4.0,5.0,4.0,5.0
max,5.0,5.0,5.0,5.0
